name,cpu_total_time,average_waiting_time,average_turnaround_time,average_response_time
FCFS,5007072.0,2499778.04737,2499828.11809,2499778.04737
NonPreemptiveSFJ,5007072.0,1661198.23654,1661248.30726,1661198.23654
PreemptiveSFJ,5007072.0,1661199.60196,1661249.67268,1661198.0792
NonPreemptivePriority,5007072.0,2498974.87066,2499024.94138,2498974.87066
PreemptivePriority,5007072.0,2498975.1902,2499025.26092,2498975.1902
